<?xml version="1.0" encoding="UTF-8"?>
<!--Automatically reload configuration files when modified. -->
<configuration scan="true">

	<appender name="Console"
		class="ch.qos.logback.core.ConsoleAppender">
		<layout class="ch.qos.logback.classic.PatternLayout">
			<Pattern>
				%black(%d{ISO8601}) %highlight(%-5level) [%blue(%t)]
				%yellow(%C{1.}): %msg%n%throwable
			</Pattern>
		</layout>
	</appender>

	<appender name="RollingFile"

		class="ch.qos.logback.core.rolling.RollingFileAppender">
		<file>/home/site/wwwroot/logs/document_upload_log.log</file>
		<encoder
			class="ch.qos.logback.classic.encoder.PatternLayoutEncoder">
			<Pattern>%d %p %C{1.} [%t] %m%n</Pattern>
		</encoder>

		<rollingPolicy
			class="ch.qos.logback.core.rolling.TimeBasedRollingPolicy">
			<!-- rollover daily and when the file reaches 10 MegaBytes -->
			<fileNamePattern>/home/site/wwwroot/logs/archived/document_upload_log-%d{yyyy-MM-dd}.%i.log
			</fileNamePattern>
			<!-- Storing files for maximum 2 months on dev -->
			<maxHistory>2</maxHistory>
			<timeBasedFileNamingAndTriggeringPolicy
				class="ch.qos.logback.core.rolling.SizeAndTimeBasedFNATP">
				<maxFileSize>10MB</maxFileSize>
			</timeBasedFileNamingAndTriggeringPolicy>
		</rollingPolicy>

	</appender>

	<logger name="org.springframework.jdbc.core.JdbcTemplate">
		<level value="debug" />
		<appender-ref ref="RollingFile" />
	</logger>

	<logger
		name="org.springframework.jdbc.core.StatementCreatorUtils">
		<level value="debug" />
		<appender-ref ref="RollingFile" />
	</logger>
	<logger name="org.docx4j" level="ERROR" additivity="false">
		<appender-ref ref="RollingFile" />
		<appender-ref ref="Console" />
	</logger>


	<!-- LOG everything at DEBUG level -->
	<root level="DEBUG">
		<appender-ref ref="RollingFile" />
		<appender-ref ref="Console" />
	</root>

</configuration>
                                                                                      