{"properties": [
  {
    "name": "blob.container-name",
    "type": "java.lang.String",
    "description": "A description for 'blob.container-name'"
  },
  {
    "name": "scheduler.external.cron.upload.einvoice",
    "type": "java.lang.String",
    "description": "A description for 'scheduler.external.cron.upload.einvoice'"
  },
  {
    "name": "spring.http.multipart.enabled",
    "type": "java.lang.String",
    "description": "A description for 'spring.http.multipart.enabled'"
  },
  {
    "name": "cloud-storage-connection-string",
    "type": "java.lang.String",
    "description": "A description for 'cloud-storage-connection-string'"
  },
  {
    "name": "bvms.cloud.temp.file.download.path",
    "type": "java.lang.String",
    "description": "A description for 'bvms.cloud.temp.file.download.path'"
  },
  {
    "name": "spring.datasource.arch.url",
    "type": "java.lang.String",
    "description": "A description for 'spring.datasource.arch.url'"
  },
  {
    "name": "spring.datasource.arch.username",
    "type": "java.lang.String",
    "description": "A description for 'spring.datasource.arch.username'"
  },
  {
    "name": "spring.datasource.arch.password",
    "type": "java.lang.String",
    "description": "A description for 'spring.datasource.arch.password'"
  },
  {
    "name": "spring.datasource.arch.driver-class-name",
    "type": "java.lang.String",
    "description": "A description for 'spring.datasource.arch.driver-class-name'"
  },
  {
    "name": "spring.datasourcelog.username",
    "type": "java.lang.String",
    "description": "A description for 'spring.datasourcelog.username'"
  },
  {
    "name": "spring.datasourcelog.url",
    "type": "java.lang.String",
    "description": "A description for 'spring.datasourcelog.url'"
  },
  {
    "name": "spring.datasourcelog.password",
    "type": "java.lang.String",
    "description": "A description for 'spring.datasourcelog.password'"
  },
  {
    "name": "spring.datasourcelog.driver-class-name",
    "type": "java.lang.String",
    "description": "A description for 'spring.datasourcelog.driver-class-name'"
  },
  {
    "name": "spring.datasourcemst.url",
    "type": "java.lang.String",
    "description": "A description for 'spring.datasourcemst.url'"
  },
  {
    "name": "spring.datasourcemst.username",
    "type": "java.lang.String",
    "description": "A description for 'spring.datasourcemst.username'"
  },
  {
    "name": "spring.datasourcemst.password",
    "type": "java.lang.String",
    "description": "A description for 'spring.datasourcemst.password'"
  },
  {
    "name": "spring.datasourcemst.driver-class-name",
    "type": "java.lang.String",
    "description": "A description for 'spring.datasourcemst.driver-class-name'"
  },
  {
    "name": "spring.datasource.arch.jdbc-url",
    "type": "java.lang.String",
    "description": "A description for 'spring.datasource.arch.jdbc-url'"
  },
  {
    "name": "spring.datasourcemst.jdbc-url",
    "type": "java.lang.String",
    "description": "A description for 'spring.datasourcemst.jdbc-url'"
  },
  {
    "name": "spring.datasource.jdbc-url",
    "type": "java.lang.String",
    "description": "A description for 'spring.datasource.jdbc-url'"
  },
  {
    "name": "spring.cloud.azure.storage.blob.endpoint",
    "type": "java.lang.String",
    "description": "A description for 'spring.cloud.azure.storage.blob.endpoint'"
  },
  {
    "name": "spring.cloud.azure.storage.blob.account-key",
    "type": "java.lang.String",
    "description": "A description for 'spring.cloud.azure.storage.blob.account-key'"
  },
  {
    "name": "spring.cloud.azure.storage.blob.account-name",
    "type": "java.lang.String",
    "description": "A description for 'spring.cloud.azure.storage.blob.account-name'"
  },
  {
    "name": "txn.database-name",
    "type": "java.lang.String",
    "description": "A description for 'txn.database-name'"
  },
  {
    "name": "spring.datasource.txn.jdbc-url",
    "type": "java.lang.String",
    "description": "A description for 'spring.datasource.txn.jdbc-url'"
  },
  {
    "name": "spring.datasource.txn.username",
    "type": "java.lang.String",
    "description": "A description for 'spring.datasource.txn.username'"
  },
  {
    "name": "spring.datasource.txn.password",
    "type": "java.lang.String",
    "description": "A description for 'spring.datasource.txn.password'"
  },
  {
    "name": "spring.datasource.txn.driver-class-name",
    "type": "java.lang.String",
    "description": "A description for 'spring.datasource.txn.driver-class-name'"
  },
  {
    "name": "mst.database-name",
    "type": "java.lang.String",
    "description": "A description for 'mst.database-name'"
  },
  {
    "name": "spring.datasource.mst.jdbc-url",
    "type": "java.lang.String",
    "description": "A description for 'spring.datasource.mst.jdbc-url'"
  },
  {
    "name": "spring.datasource.mst.username",
    "type": "java.lang.String",
    "description": "A description for 'spring.datasource.mst.username'"
  },
  {
    "name": "spring.datasource.mst.password",
    "type": "java.lang.String",
    "description": "A description for 'spring.datasource.mst.password'"
  },
  {
    "name": "spring.datasource.mst.driver-class-name",
    "type": "java.lang.String",
    "description": "A description for 'spring.datasource.mst.driver-class-name'"
  },
  {
    "name": "arch.database-name",
    "type": "java.lang.String",
    "description": "A description for 'arch.database-name'"
  }
]}